{"_step":0,"AUC":0.9630669376188932,"_wandb":{"runtime":5},"_runtime":5,"confusion_matrix":{"path":"media/images/confusion_matrix_0_199b27fdd9763401f759.png","format":"png","width":1000,"height":1000,"_type":"image-file","sha256":"199b27fdd9763401f75958fb9d75ca77ef61763c9d3cdd00ff803dce0e730514","size":92660},"_timestamp":1.7619672260407147e+09}